product_id,product_name,category,cogs,Gia_Thuc_Te,Gia_Du_Doan
506,SaigonFlex UM-11,Streetwear,14463.03045555477,15456.909752650176,27716.85
202,IndigoViet UM-04,Streetwear,15420.129330508473,16231.71508474576,23003.533636363634
483,SaigonFlex UM-88,Streetwear,18558.261201492536,19535.011791044777,21108.804545454543
1674,VietMode UE-04,Streetwear,11969.4015,12599.37,20475.451545064378
838,HanoiStreet UM-22,Streetwear,10373.4015,10919.37,18868.5
408,SaigonFlex UM-13,Streetwear,15566.764290697674,16386.067674418606,18190.18002450491
436,SaigonFlex UM-41,Streetwear,16637.258533170734,22367.919512195123,18190.18002450491
429,SaigonFlex UM-34,Streetwear,16660.265202,22679.37,18190.18002450491
654,SaigonFlex UC-19,Streetwear,11683.04226923077,12297.939230769232,17009.37
473,SaigonFlex UM-78,Streetwear,13679.446129999998,18458.3,16691.85
1029,MekongStyle UC-01,Streetwear,13762.5075,14486.85,16691.85
511,SaigonFlex UM-16,Streetwear,13741.781759999998,20805.12,16691.85
1768,SaigonCore UE-03,Streetwear,10353.4515,10898.37,15162.94756097561
1035,MekongStyle UC-07,Streetwear,12723.800355,14486.85,14857.180885612393
444,SaigonFlex UM-49,Streetwear,12576.629625,13238.5575,14857.180885612393
354,LotusWear UE-75,Streetwear,13228.374481132076,13924.604716981134,14834.509375
1679,VietMode UE-09,Streetwear,10183.62196551724,10719.602068965518,13198.076270308446
305,LotusWear UE-26,Streetwear,11094.382693333331,18589.783333333333,12987.873380481627
1135,MekongFit UM-12,Streetwear,10951.9515,11528.37,12987.873380481627
205,IndigoViet UM-07,Streetwear,7742.025951545455,12837.05181818182,12919.613939393937
806,HanoiStreet RS-10,Outdoor,11389.4424,13293.0,12869.200657894737
182,DragonWear UE-10,Streetwear,12051.627954545454,16000.568181818182,12720.344318181818
282,LotusWear UE-03,Streetwear,12008.149965,14486.85,12596.85
2290,VietMotion UM-05,Streetwear,7081.245801000001,9669.87,12524.873693181818
40,DragonWear MA-40,Casual,11964.015,12593.7,12518.475688073391
430,SaigonFlex UM-35,Streetwear,10450.997025,11001.0495,12186.328311122967
2295,VietMotion UM-10,Streetwear,10387.731011968086,10934.453696808512,12186.328311122967
475,SaigonFlex UM-80,Streetwear,10040.861016467206,12606.228520360584,12186.328311122967
89,DragonWear UM-16,Streetwear,6682.89258,10073.7,11969.920218340612
204,IndigoViet UM-06,Streetwear,6927.472043470589,10730.285073529412,11969.920218340612
106,DragonWear UM-33,Streetwear,11044.97580319149,11626.290319148937,11909.473052424728
1042,MekongStyle UC-14,Streetwear,11301.191685,14486.85,11909.473052424728
2182,PhoenixWear UC-12,Streetwear,8976.9015,9449.37,11815.891059636417
1278,VietMode MA-14,Casual,6568.491699,9764.37,11718.531191363438
823,HanoiStreet UM-07,Streetwear,7121.551499999999,7496.369999999999,11678.654444112903
400,SaigonFlex UM-05,Streetwear,7227.252905183763,9886.802879868348,11678.654444112903
452,SaigonFlex UM-57,Streetwear,7168.455936870969,13107.434516129031,11678.654444112903
489,SaigonFlex UM-94,Streetwear,7115.137171153847,10349.290430769232,11678.654444112903
1288,VietMode MA-24,Casual,7154.589959999999,8377.74,11678.654444112903
1869,BambooCraft UM-07,Streetwear,7381.929870000001,11339.37,11678.654444112903
442,SaigonFlex UM-47,Streetwear,8778.090681818181,9240.095454545455,11611.070158257473
206,IndigoViet UM-08,Streetwear,5820.631364016001,10546.53264,11388.249310344829
433,SaigonFlex UM-38,Streetwear,6543.267904911505,11459.313318584072,11333.7
1888,BambooCraft UC-07,Streetwear,10050.016788,10940.58,11129.958
670,SaigonFlex UC-35,Streetwear,10354.894691489362,10899.88914893617,11115.53893314032
432,SaigonFlex UM-37,Streetwear,10553.743020974289,11109.203179972936,11060.720115167696
1892,BambooCraft UC-11,Streetwear,9963.953003164555,10488.371582278482,11028.42869470343
1231,MekongFit UC-33,Streetwear,7768.5440808461535,9063.754615384616,10813.051114471024
2052,UrbanVN UE-12,Streetwear,7847.398205684211,9086.843684210527,10813.051114471024
940,HanoiStreet UC-03,Streetwear,7856.916028301888,8270.437924528303,10813.051114471024
945,HanoiStreet UC-08,Streetwear,7829.317111720067,8241.386433389545,10813.051114471024
671,SaigonFlex UC-36,Streetwear,7866.463912105264,11194.626315789474,10813.051114471024
612,SaigonFlex UC-77,Streetwear,7625.187989999999,11727.45,10813.051114471024
174,DragonWear UE-02,Streetwear,7570.06967347826,8386.030434782608,10813.051114471024
561,SaigonFlex UC-26,Streetwear,7753.936554000001,8951.670000000002,10813.051114471024
289,LotusWear UE-10,Streetwear,10075.7475,10606.05,10617.642205207241
389,LotusWear UC-03,Streetwear,10102.784152075472,11063.057547169812,10617.642205207241
485,SaigonFlex UM-90,Streetwear,9719.870192307691,10231.442307692309,10603.212924901187
1141,MekongFit UM-18,Streetwear,9982.455847826086,10507.848260869563,10584.532361623616
1789,SaigonCore UE-24,Streetwear,8076.904864875,11313.77625,10566.727478883438
840,HanoiStreet UM-24,Streetwear,9145.817352,11024.37,10368.999160702971
1752,SaigonCore UM-04,Streetwear,9277.760454545454,9766.063636363637,10368.999160702971
609,SaigonFlex UC-74,Streetwear,8987.704230926174,10426.571033557047,10368.999160702971
580,SaigonFlex UC-45,Streetwear,9406.47111235955,9901.548539325842,10368.999160702971
312,LotusWear UE-33,Streetwear,8854.8075,9320.85,10368.999160702971
837,HanoiStreet UM-21,Streetwear,9556.698375,10059.6825,10368.999160702971
565,SaigonFlex UC-30,Streetwear,9051.699823187571,10752.791426927502,10368.999160702971
2389,VietMotion UC-37,Streetwear,9156.524153930635,10194.304335260116,10368.999160702971
207,IndigoViet UM-09,Streetwear,8926.764586816902,11575.161549295775,10368.999160702971
92,DragonWear UM-19,Streetwear,9137.345754404145,11626.60103626943,10368.999160702971
636,SaigonFlex UC-01,Streetwear,9183.042963485135,10891.997347272134,10368.999160702971
364,LotusWear UE-85,Streetwear,8923.288185000001,14297.85,10368.999160702971
244,LotusWear UR-16,Streetwear,7036.183035,7556.85,10340.296126252859
1677,VietMode UE-07,Streetwear,6982.369569,10520.370000000004,10064.304782608697
532,SaigonFlex UE-20,Streetwear,5999.639657586208,6825.528620689655,9946.941318327976
1128,MekongFit UM-05,Streetwear,6125.139972,11024.37,9828.457253630799
1751,SaigonCore UM-03,Streetwear,6178.060728,8189.370000000001,9828.457253630799
854,HanoiStreet UM-38,Streetwear,8332.440136363637,8770.989617224881,9812.052651738308
893,HanoiStreet UE-02,Streetwear,8970.719499,10520.37,9718.121273730158
227,LotusWear UM-05,Streetwear,5405.954490616439,9546.096575342466,9294.119580168575
975,HanoiStreet UC-38,Streetwear,8404.403,8846.74,9270.613815260233
685,SaigonFlex UC-50,Streetwear,8328.663148983715,10129.728957654725,9270.613815260233
603,SaigonFlex UC-68,Streetwear,8163.899443636364,11026.336363636365,9270.613815260233
1211,MekongFit UC-13,Streetwear,8237.326500000001,8670.87,9270.613815260233
645,SaigonFlex UC-10,Streetwear,8502.590250000001,8950.095000000001,9270.613815260233
1885,BambooCraft UC-04,Streetwear,8501.948595000002,10079.37,9270.613815260233
307,LotusWear UE-28,Streetwear,8174.155815000001,13856.85,9270.613815260233
1033,MekongStyle UC-05,Streetwear,8029.437778046513,12136.393255813957,9270.613815260233
1878,BambooCraft UM-16,Streetwear,7207.430512390245,9708.284634146345,9168.886826807591
524,SaigonFlex UE-12,Streetwear,7179.007500000001,7556.850000000001,9063.439718851145
1788,SaigonCore UE-23,Streetwear,6546.582,7245.0,8999.0312397541
1802,SaigonCore UC-08,Streetwear,7093.864890000001,8498.7,8763.71832461076
978,HanoiStreet UC-41,Streetwear,7198.301477181818,9462.733636363637,8763.71832461076
176,DragonWear UE-04,Streetwear,7344.947609999999,9216.9,8763.71832461076
133,DragonWear UR-04,Streetwear,7253.496552857143,8820.985714285714,8763.71832461076
175,DragonWear UE-03,Streetwear,7176.014999999999,7553.7,8763.71832461076
592,SaigonFlex UC-57,Streetwear,7346.945278536587,11573.637804878048,8763.71832461076
1896,BambooCraft UC-15,Streetwear,7271.950317333333,8833.75888888889,8763.71832461076
2163,PhoenixWear UE-16,Streetwear,7320.561696000001,8504.37,8763.71832461076
985,HanoiStreet UC-48,Streetwear,5465.800293081082,9262.49837837838,8689.670802752493
1795,SaigonCore UC-01,Streetwear,5533.711679999999,6835.118181818181,8689.670802752493
1206,MekongFit UC-08,Streetwear,5286.081087,6110.37,8689.670802752493
30,DragonWear MA-30,Casual,7812.29988,10256.4,8536.5
379,LotusWear UE-00,Streetwear,5142.00771,6296.85,8504.37
905,HanoiStreet UE-14,Streetwear,5134.830370384615,7216.908461538461,8504.37
256,LotusWear UR-28,Streetwear,5144.1075,5414.85,8504.37
482,SaigonFlex UM-87,Streetwear,6264.028386,7907.13,8494.575052725559
827,HanoiStreet UM-11,Streetwear,6075.807885,7496.37,8423.071355611602
1299,VietMode MA-35,Casual,6178.951836206897,6504.159827586207,8423.071355611602
930,HanoiStreet UE-39,Streetwear,6180.513375711341,6577.813298969071,8405.192465753425
946,HanoiStreet UC-09,Streetwear,4980.642153827586,8360.990689655173,8313.697
2150,PhoenixWear UE-03,Streetwear,4969.434984289157,5932.945301204819,8313.697
959,HanoiStreet UC-22,Streetwear,6593.155962491804,10276.115901639345,7961.2379353830875
2374,VietMotion UC-22,Streetwear,5726.606659156997,7830.721535836178,7844.271816524753
2089,UrbanVN UC-24,Streetwear,5547.725127000001,9449.37,7844.271816524753
660,SaigonFlex UC-25,Streetwear,5856.742153398059,8500.351456310678,7844.271816524753
1804,SaigonCore UC-10,Streetwear,5747.152762702703,8096.862162162162,7844.271816524753
2079,UrbanVN UC-14,Streetwear,6235.977879310344,6564.18724137931,7825.801533132306
2051,UrbanVN UE-11,Streetwear,6208.568604000001,9008.37,7825.801533132306
2165,PhoenixWear UE-18,Streetwear,6223.829363181818,7994.642727272727,7825.801533132306
1779,SaigonCore UE-14,Streetwear,6418.012104000001,9449.37,7825.801533132306
554,SaigonFlex UC-19,Streetwear,6426.885619636364,10501.44709090909,7825.801533132306
996,HanoiStreet UC-59,Streetwear,6923.554428235956,8557.10595505618,7800.330874439462
647,SaigonFlex UC-12,Streetwear,6038.860545302861,11033.912927650028,7633.679268292683
279,LotusWear UR-51,Streetwear,6045.988725,8186.85,7633.679268292683
955,HanoiStreet UC-18,Streetwear,6085.187901382978,9605.663617021277,7633.679268292683
150,DragonWear UR-21,Streetwear,4447.5834006382975,6524.2531914893625,7230.300522542912
2345,VietMotion UE-19,Streetwear,4313.265980957745,5244.730035211268,7230.300522542912
2350,VietMotion UE-24,Streetwear,4417.401448598131,4649.896261682243,7230.300522542912
1487,VietMode RP-79,Outdoor,5908.438038461539,6219.408461538462,7077.195950704225
927,HanoiStreet UE-36,Streetwear,5567.345963548979,5860.36417215682,7069.397159971818
530,SaigonFlex UE-18,Streetwear,5786.151367500001,7519.365,7069.397159971818
535,SaigonFlex UE-23,Streetwear,5704.305075,6485.85,7069.397159971818
265,LotusWear UR-37,Streetwear,5976.3085200000005,7871.850000000001,7069.397159971818
155,DragonWear UR-26,Streetwear,5730.6375,6032.25,7069.397159971818
2112,PhoenixWear UM-03,Streetwear,6505.4205468,6863.706,6938.90448275862
2115,PhoenixWear UM-06,Streetwear,5696.71989237931,7572.40448275862,6929.37
584,SaigonFlex UC-49,Streetwear,4666.286988084112,7436.313925233644,6594.562927884911
1204,MekongFit UC-06,Streetwear,4567.9515,4808.37,6594.562927884911
875,HanoiStreet UR-21,Streetwear,4917.666227641791,6314.414776119403,6594.562927884911
163,DragonWear UR-34,Streetwear,4713.73725375,6636.2625,6594.562927884911
2370,VietMotion UC-18,Streetwear,4748.926644000001,8898.12,6594.562927884911
362,LotusWear UE-83,Streetwear,4773.442590000001,8816.85,6594.562927884911
1183,MekongFit UE-19,Streetwear,4835.612896998314,7901.32826306914,6594.562927884911
977,HanoiStreet UC-40,Streetwear,4912.882153469187,5978.196828266228,6594.562927884911
1150,MekongFit UR-07,Streetwear,4708.8351,5337.0,6594.562927884911
266,LotusWear UR-38,Streetwear,4850.3054250000005,8501.85,6594.562927884911
585,SaigonFlex UC-50,Streetwear,4792.040036060279,5044.252669537136,6594.562927884911
2154,PhoenixWear UE-07,Streetwear,5308.827048,10009.10076923077,6479.721271860095
998,HanoiStreet UC-61,Streetwear,5197.428138000001,8613.57,6259.611143583282
1170,MekongFit UE-06,Streetwear,3703.568022,5606.37,6245.162697984107
605,SaigonFlex UC-70,Streetwear,3748.214336032258,4940.962741935484,6245.162697984107
525,SaigonFlex UE-13,Streetwear,3754.3111858,6289.682000000001,6245.162697984107
1247,VietMode MP-15,Casual,5684.553,5983.74,6173.079230769231
966,HanoiStreet UC-29,Streetwear,3333.336651862716,5858.236646507408,6167.413538812786
606,SaigonFlex UC-71,Streetwear,3552.4566728647687,4042.8549822064056,6167.413538812786
1172,MekongFit UE-08,Streetwear,3429.041823171792,5704.611251325557,6167.413538812786
1803,SaigonCore UC-09,Streetwear,4369.2503400000005,5351.85,6112.995261981849
1271,VietMode MA-07,Casual,5325.453,5605.74,6111.0
1651,VietMode RS-89,Outdoor,5701.9843125,6002.08875,5984.37
1262,VietMode MP-30,Casual,5684.682611464968,5983.876433121019,5976.410144796379
706,HanoiStreet MA-13,Casual,3231.301499999999,3401.3699999999994,5948.900784982935
1251,VietMode MP-19,Casual,3167.018568,5164.74,5948.900784982935
1908,UrbanVN MA-01,Casual,4880.946272727272,5137.8381818181815,5925.714827586207
2175,PhoenixWear UC-05,Streetwear,3381.409395,5666.85,5874.001897039913
1295,VietMode MA-31,Casual,5385.9015,5669.37,5823.433493360571
1503,VietMode RP-95,Outdoor,3343.898494588236,4245.681176470588,5807.167752808989
1078,MekongFit RP-24,Outdoor,3338.367823449541,4317.599357798164,5807.167752808989
224,LotusWear UM-02,Streetwear,5061.729736084338,7682.090963855422,5726.07
1608,VietMode RS-46,Outdoor,5221.482117977528,5496.296966292135,5700.87
1497,VietMode RP-89,Outdoor,5385.9015,5669.37,5669.370000000001
737,HanoiStreet RP-25,Outdoor,5385.9015,5669.37,5669.370000000001
1764,SaigonCore UR-10,Streetwear,5400.033156,6828.570000000001,5665.275
527,SaigonFlex UE-15,Streetwear,5394.2814450000005,6485.85,5665.275
313,LotusWear UE-34,Streetwear,5436.190305,9131.85,5665.275
1763,SaigonCore UR-09,Streetwear,5456.791791262135,5743.991359223301,5665.275
2170,PhoenixWear UE-23,Streetwear,5207.481153000001,8441.37,5663.838402059615
2340,VietMotion UE-14,Streetwear,5210.7678,5543.37,5663.838402059615
1421,VietMode RP-13,Outdoor,3993.893442,5164.74,5626.95
1486,VietMode RP-78,Outdoor,4018.728,4230.24,5626.95
36,DragonWear MA-36,Casual,3526.0653677586206,5604.936206896552,5583.795762490176
1184,MekongFit UE-20,Streetwear,5095.771317,7559.37,5537.754000000001
2148,PhoenixWear UE-01,Streetwear,4210.018793513513,7739.005135135135,5519.157874082827
97,DragonWear UM-24,Streetwear,3939.365772524272,7609.360194174757,5519.157874082827
514,SaigonFlex UE-02,Streetwear,4206.056316,5606.580000000001,5519.157874082827
2328,VietMotion UE-02,Streetwear,4087.926927,4409.37,5519.157874082827
2354,VietMotion UC-02,Streetwear,4183.135258855586,4403.300272479564,5519.157874082827
228,LotusWear UM-06,Streetwear,4099.40559,7714.35,5519.157874082827
1007,HanoiStreet YY-08,GenZ,5164.781528089887,5436.61213483146,5449.5
1916,UrbanVN MA-09,Casual,3381.9527860727726,3559.9503011292345,5417.37
1287,VietMode MA-23,Casual,4307.277239999999,8188.74,5388.4502227195235
1924,UrbanVN MA-17,Casual,4030.266554211843,4242.385846538782,5388.4502227195235
1778,SaigonCore UE-13,Streetwear,4414.674021428571,8251.727142857142,5385.87
2355,VietMotion UC-03,Streetwear,5081.598304111027,7179.426821292776,5354.37
2071,UrbanVN UC-06,Streetwear,2699.7547866835444,4194.771265822785,5354.37
1675,VietMode UE-05,Streetwear,4998.409541999999,5857.74,5259.781764705882
253,LotusWear UR-25,Streetwear,5025.6045,8816.85,5259.781764705882
1203,MekongFit UC-05,Streetwear,3634.6879408093646,3885.7044481605353,5224.686797932801
933,HanoiStreet UE-42,Streetwear,3488.244858,6929.370000000001,5224.686797932801
1088,MekongFit RP-34,Outdoor,2650.17564,3432.87,5181.75
632,SaigonFlex UC-97,Streetwear,2618.07588,4844.7,5168.688326848249
1989,UrbanVN RS-08,Outdoor,4400.4612872996295,4632.0645129469785,5110.852327093427
1389,VietMode RP-81,Outdoor,3875.169312,4912.74,5065.014333922782
54,DragonWear RP-09,Outdoor,3904.3245024,4890.186,5065.014333922782
1430,VietMode RP-22,Outdoor,2923.068220578947,3603.8321052631577,5049.995006927835
1304,VietMode MA-40,Casual,4420.682220048388,4895.008548387096,5039.37
926,HanoiStreet UE-35,Streetwear,4222.991988330276,6977.845321100917,5038.706798327216
2136,PhoenixWear UR-12,Streetwear,4014.598687194313,5342.824976303317,5038.706798327216
262,LotusWear UR-34,Streetwear,4485.7575,4721.85,5038.706798327216
1561,VietMode RP-53,Outdoor,4721.5665,4970.07,5010.196104294479
1560,VietMode RP-52,Outdoor,3423.1657203333334,4556.323333333333,5009.063181818182
1617,VietMode RS-55,Outdoor,3411.9588510000003,4535.37,5009.063181818182
1407,VietMode RP-99,Outdoor,4041.171249294117,5076.210588235294,4968.045670391061
1716,NamStyle YY-27,GenZ,4069.2015,4283.37,4968.045670391061
38,DragonWear MA-38,Casual,4705.974,5355.0,4898.851363636363
2174,PhoenixWear UC-04,Streetwear,2880.503892,5039.37,4833.292488910212
1640,VietMode RS-78,Outdoor,4547.402999999999,4786.74,4827.505803728022
1068,MekongFit RP-14,Outdoor,4637.7765,4881.87,4827.505803728022
738,HanoiStreet RP-26,Outdoor,4405.10049,5669.37,4827.505803728022
1414,VietMode RP-06,Outdoor,4444.417864864864,4678.334594594594,4827.505803728022
1643,VietMode RS-81,Outdoor,4513.0743,5070.87,4827.505803728022
518,SaigonFlex UE-06,Streetwear,3173.374105714286,6281.421428571429,4786.918043478261
21,DragonWear MA-21,Casual,4456.423758315789,5165.071578947369,4786.74
2192,VietMotion MA-06,Casual,2458.3006828621906,2587.684929328622,4723.689324769886
944,HanoiStreet UC-07,Streetwear,4491.8798400000005,8971.2,4691.61
979,HanoiStreet UC-42,Streetwear,4490.967970588235,4727.334705882353,4646.69332730793
1511,VietMode RP-03,Outdoor,4337.928,4566.24,4635.132857357249
1853,SaigonCore YY-48,GenZ,4239.098274193549,4462.208709677419,4635.132857357249
1552,VietMode RP-44,Outdoor,4378.161185999999,5038.74,4635.132857357249
2039,UrbanVN UR-42,Streetwear,2832.7145490000003,4661.37,4610.20875
1340,VietMode RP-32,Outdoor,2571.336804630682,2933.641534090909,4607.155
1550,VietMode RP-42,Outdoor,2568.245778,5038.74,4607.155
1335,VietMode RP-27,Outdoor,3845.692872,4912.74,4604.264024106253
812,HanoiStreet RS-16,Outdoor,3823.5456,6867.0,4604.264024106253
1432,VietMode RP-24,Outdoor,3889.053,4093.74,4604.264024106253
1745,SaigonCore RP-14,Outdoor,3797.3022722068968,5217.507931034483,4604.264024106253
1846,SaigonCore YY-41,GenZ,3945.763206,5606.37,4604.264024106253
1344,VietMode RP-36,Outdoor,2469.309349783784,3883.172432432432,4501.187962168316
1457,VietMode RP-49,Outdoor,4167.968616,4912.74,4492.663721428884
863,HanoiStreet UR-09,Streetwear,3470.7015,3653.37,4436.408626609442
178,DragonWear UE-06,Streetwear,3509.7331500000005,6268.5,4431.020139391613
1197,MekongFit UE-33,Streetwear,3505.003488,5291.37,4431.020139391613
1252,VietMode MP-20,Casual,2973.857292,5164.74,4409.344011043344
796,HanoiStreet RP-84,Outdoor,3052.8479150000003,3338.27,4409.344011043344
1563,VietMode RS-01,Outdoor,3132.260082,3463.74,4409.344011043344
1098,MekongFit RP-44,Outdoor,3151.633230948586,3724.014215938303,4409.344011043344
1948,UrbanVN RP-23,Outdoor,2971.086426,3728.773125,4409.344011043344
2171,PhoenixWear UC-01,Streetwear,3942.077716774347,5395.671662707839,4305.93965945292
64,DragonWear RP-19,Outdoor,3590.4015,3779.37,4298.36290692079
1394,VietMode RP-86,Outdoor,3732.950878758621,4564.0675862068965,4298.36290692079
52,DragonWear RP-07,Outdoor,3531.803562,4094.37,4298.36290692079
61,DragonWear RP-16,Outdoor,3495.388512,4703.16,4298.36290692079
1982,UrbanVN RS-01,Outdoor,3601.972999626506,3984.92421686747,4298.36290692079
986,HanoiStreet UC-49,Streetwear,2725.431597,4409.37,4289.179586909871
1383,VietMode RP-75,Outdoor,2290.041138,4080.615,4278.159066978908
1572,VietMode RS-10,Outdoor,2666.338416,3873.24,3971.57961996578
1472,VietMode RP-64,Outdoor,2647.237598372093,3202.949302325581,3971.57961996578
1011,HanoiStreet YY-12,GenZ,2848.351275,3527.37,3909.230724233984
1983,UrbanVN RS-02,Outdoor,3421.6711199999995,4409.37,3896.2396066034153
2215,VietMotion RP-12,Outdoor,3776.983952402878,4408.759136690647,3896.2396066034153
1967,UrbanVN RP-42,Outdoor,2792.7419436860064,2939.728361774744,3866.603510772303
395,SaigonFlex RS-02,Outdoor,3068.649045,4595.85,3834.767927997075
1575,VietMode RS-13,Outdoor,3188.954801886792,3356.7945283018867,3834.767927997075
1395,VietMode RP-87,Outdoor,3204.359928,4629.24,3834.767927997075
1735,SaigonCore RP-04,Outdoor,3275.791596,5398.47,3834.767927997075
69,DragonWear RS-02,Outdoor,3087.506675076923,3910.2161538461537,3834.767927997075
2277,VietMotion RS-10,Outdoor,3190.8545202639016,3358.794231856739,3834.767927997075
1644,VietMode RS-82,Outdoor,3274.44579,4566.87,3834.767927997075
1110,MekongFit RP-56,Outdoor,2427.522333333333,2555.2866666666664,3787.405780476826
963,HanoiStreet UC-26,Streetwear,2717.10944243617,5122.755359042553,3784.8313569322136
1668,VietMode UR-01,Streetwear,2678.950638,5164.74,3784.8313569322136
1373,VietMode RP-65,Outdoor,3307.73814,3841.74,3764.394203259282
1938,UrbanVN RP-13,Outdoor,3268.4610419999995,3527.37,3764.394203259282
702,HanoiStreet MA-09,Casual,3306.5966583243244,3720.711891891892,3764.394203259282
1828,SaigonCore YY-23,GenZ,3117.349007663552,3471.4354205607474,3626.3893103091714
1477,VietMode RP-69,Outdoor,2267.694324,4030.7399999999993,3559.330798043036
1463,VietMode RP-55,Outdoor,2244.283524,3275.37,3559.330798043036
1543,VietMode RP-35,Outdoor,2254.013244,4093.74,3559.330798043036
721,HanoiStreet RP-09,Outdoor,1709.2352969999995,2015.37,3401.37
754,HanoiStreet RP-42,Outdoor,2498.801669368421,2960.314736842105,3381.920250419668
1116,MekongFit RS-04,Outdoor,1908.2116343894168,3151.464301221167,3261.837239618644
909,HanoiStreet UE-18,Streetwear,1759.82097006383,2910.238085106382,3259.523492647059
1706,NamStyle YY-17,GenZ,2686.6665,2828.07,3165.83529562982
1079,MekongFit RP-25,Outdoor,2125.82475,3149.37,3154.990592540955
1979,UrbanVN RP-54,Outdoor,1959.826311,3185.1557142857146,3154.990592540955
1820,SaigonCore YY-15,GenZ,3172.8753000000006,4598.37,3144.3963157894736
1815,SaigonCore YY-10,GenZ,3222.765018765958,3912.072127659574,3144.3963157894736
2405,VietMotion YY-14,GenZ,2906.0005730921057,5084.865394736842,3144.3963157894736
2404,VietMotion YY-13,GenZ,2940.1283978181823,3296.847272727273,3144.3963157894736
2100,UrbanVN YY-04,GenZ,2893.1125739361705,4801.846595744681,3144.3963157894736
2189,VietMotion MA-03,Casual,2853.583108171504,3943.046992084433,3028.1211046417993
1630,VietMode RS-68,Outdoor,1882.9755,3274.74,2951.5154381092752
2280,VietMotion RS-13,Outdoor,1878.610347457627,1977.4845762711864,2951.5154381092752
1807,SaigonCore YY-02,GenZ,1976.912784,2141.37,2951.5154381092752
1417,VietMode RP-09,Outdoor,1940.760864,3778.74,2951.5154381092752
790,HanoiStreet RP-78,Outdoor,1879.337943,2708.37,2951.5154381092752
807,HanoiStreet RS-11,Outdoor,2004.1938324,2738.718,2951.5154381092752
1,DragonWear MA-01,Casual,2732.8833,4945.5,2850.12
731,HanoiStreet RP-19,Outdoor,1675.2015,1763.37,2834.37
1817,SaigonCore YY-12,GenZ,2598.758380733945,2735.535137614679,2771.37
1689,NamStyle UC-01,Streetwear,1355.268348,2708.37,2691.99
1095,MekongFit RP-41,Outdoor,1383.1158258235296,1480.6935294117643,2665.3456097560975
1104,MekongFit RP-50,Outdoor,1703.0672393850657,1792.7023572474377,2574.1441674152866
1062,MekongFit RP-08,Outdoor,1710.470882022472,1800.4956652868125,2574.1441674152866
1199,MekongFit UC-01,Streetwear,1262.248533,1637.37,2330.37
1822,SaigonCore YY-17,GenZ,2195.351487,4346.37,2286.907855209618
1148,MekongFit UR-05,Streetwear,2211.7127856923075,3768.4661538461537,2286.907855209618
2223,VietMotion RP-20,Outdoor,2178.9201234965035,2772.1630069930065,2286.907855209618
1182,MekongFit UE-18,Streetwear,2109.539241679873,2220.567622820919,2286.907855209618
1092,MekongFit RP-38,Outdoor,1846.673017875,2116.288125,2233.109307705441
802,HanoiStreet RS-06,Outdoor,1867.038768,2015.37,2233.109307705441
1629,VietMode RS-67,Outdoor,1718.690022,2770.74,2233.109307705441
1026,HanoiStreet YY-27,GenZ,1809.566136,2172.87,2233.109307705441
795,HanoiStreet RP-83,Outdoor,1832.042576,3338.27,2233.109307705441
772,HanoiStreet RP-60,Outdoor,1835.397459,2015.37,2233.109307705441
1491,VietMode RP-83,Outdoor,2082.0618,3652.74,2220.597146098796
1060,MekongFit RP-06,Outdoor,1361.8001367634854,1979.360663900415,2193.0293107221005
1048,MekongFit MA-06,Casual,1294.321644,1700.37,2068.3202760736194
2279,VietMotion RS-12,Outdoor,1041.105393,2006.37,2063.380223463688
713,HanoiStreet RP-01,Outdoor,1681.8535783636362,1952.0120454545447,1924.6236824877249
1703,NamStyle YY-14,GenZ,1180.424593220339,1242.5522033898303,1902.5767256851807
2401,VietMotion YY-10,GenZ,1140.9009569999998,2015.37,1826.37
1940,UrbanVN RP-15,Outdoor,1582.334757343949,2011.3572611464965,1807.1024340840638
714,HanoiStreet RP-02,Outdoor,1350.7923354545455,1952.0120454545447,1609.9115094339622
1444,VietMode RP-36,Outdoor,1281.340831858407,1348.7798230088497,1548.3929168248278
2252,VietMotion RP-49,Outdoor,1087.4139431472274,1621.5537476099423,1548.3929168248278
2253,VietMotion RP-50,Outdoor,1250.8665609063096,1621.5537476099423,1548.3929168248278
1981,UrbanVN RP-56,Outdoor,1031.0712037648725,2026.0782152974505,1548.3929168248278
809,HanoiStreet RS-13,Outdoor,1471.183634676724,2845.6163146551726,1547.3665694117644
1850,SaigonCore YY-45,GenZ,1460.8396133595506,1929.010449438202,1547.3665694117644
1662,VietMode RS-00,Outdoor,1489.567779,2078.37,1547.3665694117644
1339,VietMode RP-31,Outdoor,1483.5425237897728,2933.641534090909,1547.3665694117644
1942,UrbanVN RP-17,Outdoor,1407.896983576642,1481.996824817518,1488.9694747612552
1964,UrbanVN RP-39,Outdoor,1016.8515,1070.37,1422.8740268456374
2393,VietMotion YY-02,GenZ,1214.3184682274243,1278.2299665551836,1417.5030226624137
1013,HanoiStreet YY-14,GenZ,1196.4015,1259.37,1417.5030226624137
1702,NamStyle YY-13,GenZ,1232.316603,1322.37,1417.5030226624137
1958,UrbanVN RP-33,Outdoor,860.226633,944.37,1415.7202395037473
1330,VietMode RP-22,Outdoor,846.6177740487806,1652.259512195122,1415.7202395037473
1409,VietMode RP-01,Outdoor,878.033772,1233.54,1415.7202395037473
2406,VietMotion YY-15,GenZ,871.2716570526316,1085.2910526315789,1415.7202395037473
758,HanoiStreet RP-46,Outdoor,845.9321908267269,890.4549377123442,1240.7845589064507
1836,SaigonCore YY-31,GenZ,1041.766194347107,1705.576611570248,1200.5266199618234
1856,SaigonCore YY-51,GenZ,1104.311187,1322.37,1200.5266199618234
1845,SaigonCore YY-40,GenZ,735.5285068631921,1211.1452442996742,1148.819768160742
793,HanoiStreet RP-81,Outdoor,643.5053937421175,1012.756364088948,984.4328571428572
1006,HanoiStreet YY-07,GenZ,619.760736,1119.5099999999998,965.8049112426036
1960,UrbanVN RP-35,Outdoor,615.8168099999999,1177.47,839.2677803224915
767,HanoiStreet RP-55,Outdoor,585.8980817619783,1148.819768160742,839.2677803224915
728,HanoiStreet RP-16,Outdoor,554.363838,818.37,839.2677803224915
1093,MekongFit RP-39,Outdoor,525.0230697100371,711.0279925650557,811.8865136951651
881,HanoiStreet UR-27,Streetwear,338.13719100000003,567.63,786.87
785,HanoiStreet RP-73,Outdoor,441.24403558249776,699.7209571558797,768.1824234158624
727,HanoiStreet RP-15,Outdoor,681.129351,818.37,715.600871757925
245,LotusWear UR-17,Streetwear,50.31260283485738,78.06779655202614,80.43000723968532
303,LotusWear UE-24,Streetwear,52.23998262488708,88.70327802926064,77.19907315301721
1307,VietMode MA-43,Casual,43.20552475865282,71.07720326326792,71.30260103923005
1036,MekongStyle UC-08,Streetwear,42.87683645159384,69.47113022348645,71.30260103923005
85,DragonWear UM-12,Streetwear,43.25130955146786,69.84718641169982,71.30260103923005
2311,VietMotion UR-14,Streetwear,44.04770234649405,76.47431327572451,68.54859317799269
1724,NamStyle YY-35,GenZ,42.504028768524,66.8289478002943,68.54859317799269
286,LotusWear UE-07,Streetwear,42.38509330694976,70.41979203295656,68.54859317799269
2259,VietMotion RP-56,Outdoor,35.48436098598768,58.94633467839673,64.75266933041797
1269,VietMode MA-05,Casual,36.236294408820704,65.03051713023832,64.75266933041797
1579,VietMode RS-17,Outdoor,35.497372359908915,63.52580607525507,64.75266933041797
920,HanoiStreet UE-29,Streetwear,39.00925896137887,61.92088131636448,60.48687810098493
951,HanoiStreet UC-14,Streetwear,34.956088420323645,59.51685248967167,60.48687810098493
463,SaigonFlex UM-68,Streetwear,34.60387004336497,55.86047711324281,60.48687810098493
710,HanoiStreet MA-17,Casual,36.384205947209374,61.13567442088417,60.48687810098493
434,SaigonFlex UM-39,Streetwear,36.90682186922416,61.55762709465135,60.48687810098493
2314,VietMotion UR-17,Streetwear,33.04943986273253,52.62779221961577,54.50351110932499
880,HanoiStreet UR-26,Streetwear,32.410892958162094,54.9687289874747,54.50351110932499
2392,VietMotion YY-01,GenZ,32.08902686388936,57.25143015598731,54.50351110932499
877,HanoiStreet UR-23,Streetwear,32.16972912837173,50.04817813604396,54.50351110932499
98,DragonWear UM-25,Streetwear,33.92023749086405,52.6379968011183,51.51503413033434
2297,VietMotion UM-12,Streetwear,31.794464597878992,50.47715313856764,51.51503413033434
898,HanoiStreet UE-07,Streetwear,33.8171388190614,56.96835917004511,51.51503413033434
1071,MekongFit RP-17,Outdoor,32.29270713302763,53.543026743157576,51.51503413033434
184,DragonWear UE-12,Streetwear,28.76436822817508,48.92155274690822,50.9820104223444
2299,VietMotion UR-02,Streetwear,28.627305678763328,45.85131388256831,50.9820104223444
1302,VietMode MA-38,Casual,30.53944949173788,47.9649731752333,50.48687344284389
2162,PhoenixWear UE-15,Streetwear,29.53634431880544,48.7867127569287,47.361314034588425
139,DragonWear UR-10,Streetwear,26.521286356649966,41.6106525032774,45.95986444850666
1910,UrbanVN MA-03,Casual,27.031484530585928,43.64364128670683,45.95986444850666
122,DragonWear UM-49,Streetwear,27.542789685301045,46.10278220105583,44.80572007526843
2322,VietMotion UR-25,Streetwear,27.403684178663447,48.91322908687154,44.80572007526843
2032,UrbanVN UR-35,Streetwear,27.673457177359808,44.65281905454065,44.80572007526843
2308,VietMotion UR-11,Streetwear,27.23168712154874,42.01651730646136,44.80572007526843
329,LotusWear UE-50,Streetwear,28.00828205880248,45.4409090092245,44.80572007526843
1270,VietMode MA-06,Casual,26.059349546041684,47.1180381259686,43.99686625341186
928,HanoiStreet UE-37,Streetwear,25.406397375344223,46.00550217104349,43.99686625341186
145,DragonWear UR-16,Streetwear,25.43002474538521,42.972333451896645,43.99686625341186
255,LotusWear UR-27,Streetwear,25.46472320973422,42.673051514511954,43.99686625341186
724,HanoiStreet RP-12,Outdoor,25.821757084684688,41.479017404980375,41.53909009661
87,DragonWear UM-14,Streetwear,25.413390272717606,40.02615711874029,41.53909009661
2010,UrbanVN UR-13,Streetwear,25.12069527388581,41.90172026770757,41.08877225396559
1162,MekongFit UR-19,Streetwear,24.10589154006108,39.83880310441748,41.08877225396559
709,HanoiStreet MA-16,Casual,24.15601834190016,40.76152434416071,41.08877225396559
1664,VietMode RS-02,Outdoor,23.336959914821573,35.92327644541253,39.80977722268962
217,LotusWear RP-05,Outdoor,23.59608301764526,38.77519960989875,39.80977722268962
1016,HanoiStreet YY-17,GenZ,24.74242366948301,40.68158502306494,39.60493253246789
911,HanoiStreet UE-20,Streetwear,23.97053437683893,38.26954499465669,39.60493253246789
2266,VietMotion RP-63,Outdoor,23.49925547126347,38.415397252680165,37.91080998425027
121,DragonWear UM-48,Streetwear,23.83802621581005,36.99106214195303,37.91080998425027
285,LotusWear UE-06,Streetwear,22.89974173500181,38.924362608567606,37.56426100684893
664,SaigonFlex UC-29,Streetwear,22.89831299904119,41.1417745385124,37.56426100684893
454,SaigonFlex UM-59,Streetwear,22.847821927161068,36.26974685611732,37.56426100684893
399,SaigonFlex UM-04,Streetwear,22.312987555176583,40.02230694329042,36.48974147150031
2320,VietMotion UR-23,Streetwear,20.93367494742875,34.134951269156154,36.48974147150031
2020,UrbanVN UR-23,Streetwear,22.02940205348988,38.19887994556807,36.48974147150031
934,HanoiStreet UE-43,Streetwear,21.070652932957373,34.35351390805887,36.48974147150031
2037,UrbanVN UR-40,Streetwear,21.701077028590497,34.706637577815734,36.48974147150031
2344,VietMotion UE-18,Streetwear,21.150642009039696,33.18325504779973,36.48974147150031
919,HanoiStreet UE-28,Streetwear,20.874553988555785,32.64427789136191,36.48974147150031
2318,VietMotion UR-21,Streetwear,21.29790193008817,32.95362568508731,36.48974147150031
1516,VietMode RP-08,Outdoor,21.127172809812297,34.10101628332273,34.94501195849989
1623,VietMode RS-61,Outdoor,21.47754761557352,33.585869260565445,34.94501195849989
587,SaigonFlex UC-52,Streetwear,19.58344028160639,31.33370262797137,34.16376892372801
1887,BambooCraft UC-06,Streetwear,20.01517154725592,31.61844608161177,34.16376892372801
798,HanoiStreet RS-02,Outdoor,20.638865543994807,35.16873629794224,33.822774453076924
704,HanoiStreet MA-11,Casual,20.325190222309324,32.87112936445893,33.822774453076924
2221,VietMotion RP-18,Outdoor,20.305156519642683,33.75855878047006,33.822774453076924
701,HanoiStreet MA-08,Casual,19.68138564352252,32.86451541320264,33.22451814422859
1998,UrbanVN UR-01,Streetwear,19.99832019346835,34.053091928060134,33.22451814422859
112,DragonWear UM-39,Streetwear,19.258928547891312,30.019427445814017,31.64244509664557
1627,VietMode RS-65,Outdoor,18.845317196678888,31.66046621817027,31.64244509664557
1737,SaigonCore RP-06,Outdoor,18.51139552368607,28.77176736143489,31.64244509664557
1072,MekongFit RP-18,Outdoor,18.104962872727203,28.128121774493703,30.676946439085487
705,HanoiStreet MA-12,Casual,17.54297900214996,29.504315607680223,29.607570593674637
1193,MekongFit UE-29,Streetwear,17.104063033769727,30.32981569013947,29.607570593674637
522,SaigonFlex UE-10,Streetwear,17.734071800396872,30.74527762642181,29.607570593674637
712,HanoiStreet MA-19,Casual,17.956906174905523,31.705683042923656,28.885828239716794
620,SaigonFlex UC-85,Streetwear,17.16017393108335,30.15483325288156,28.885828239716794
2283,VietMotion RS-16,Outdoor,17.10904235714284,27.659626182375,28.885828239716794
1639,VietMode RS-77,Outdoor,17.048976466248824,29.665338818618345,28.885828239716794
695,HanoiStreet MA-02,Casual,17.11851808169427,30.40542782395652,28.885828239716794
232,LotusWear UR-04,Streetwear,16.277839769249763,25.51738184562763,27.392932615041378
867,HanoiStreet UR-13,Streetwear,16.44389356654421,28.96822401621191,27.392932615041378
765,HanoiStreet RP-53,Outdoor,16.3885392668984,26.292703514219244,27.392932615041378
2351,VietMotion UE-25,Streetwear,16.38661896742625,28.87321051425695,27.392932615041378
376,LotusWear UE-97,Streetwear,16.507184606053585,27.074971448519623,27.392932615041378
2018,UrbanVN UR-21,Streetwear,16.16205503879573,26.160590454431023,27.392932615041378
1604,VietMode RS-42,Outdoor,16.545452995066615,26.96266774367245,27.392932615041378
152,DragonWear UR-23,Streetwear,15.966630483240037,27.271837623888736,26.602733170441834
883,HanoiStreet UR-29,Streetwear,15.615216767049676,24.95145691183151,26.602733170441834
1972,UrbanVN RP-47,Outdoor,16.004897389386034,27.55697391384372,26.602733170441834
1506,VietMode RP-98,Outdoor,15.370607052345465,27.91732801988607,25.168934102467674
1164,MekongFit UR-21,Streetwear,15.389911996804814,26.04727742069481,25.168934102467674
879,HanoiStreet UR-25,Streetwear,15.480747460149525,27.28416155070732,25.168934102467674
1293,VietMode MA-29,Casual,15.135877333951903,23.3302942541113,25.168934102467674
72,DragonWear RS-05,Outdoor,15.03656521831065,24.443074771676816,25.168934102467674
708,HanoiStreet MA-15,Casual,15.454221836084184,23.786248571516595,25.168934102467674
2188,VietMotion MA-02,Casual,14.955221775848312,24.36288761072888,25.168934102467674
1619,VietMode RS-57,Outdoor,13.792733185674388,21.887223637481146,24.61330570758771
194,DragonWear UC-06,Streetwear,14.651084686631249,23.029830867355027,24.61330570758771
2324,VietMotion UR-27,Streetwear,14.728869703292052,23.80275002527921,24.61330570758771
2310,VietMotion UR-13,Streetwear,14.637945799481171,23.87213136046396,24.61330570758771
912,HanoiStreet UE-21,Streetwear,14.429448269570385,25.583614760726004,24.61330570758771
1161,MekongFit UR-18,Streetwear,13.764812540396829,22.362748018182376,24.61330570758771
2068,UrbanVN UC-03,Streetwear,14.165613653845371,24.830241277312545,24.61330570758771
1283,VietMode MA-19,Casual,14.611706946740496,23.464445533817567,23.38155588839756
1267,VietMode MA-03,Casual,14.573016782409388,25.5687485581122,23.38155588839756
703,HanoiStreet MA-10,Casual,13.904944448459702,22.17550395365064,23.38155588839756
411,SaigonFlex UM-16,Streetwear,14.278155394319832,22.925052456218573,23.38155588839756
750,HanoiStreet RP-38,Outdoor,14.469873525701855,23.750888811810576,23.38155588839756
1865,BambooCraft UM-03,Streetwear,13.33115554071414,23.25353179177501,22.13032882342206
95,DragonWear UM-22,Streetwear,12.829182552408856,22.423899496901825,21.50496410851766
987,HanoiStreet UC-50,Streetwear,12.9894776919699,20.896936494805555,21.50496410851766
453,SaigonFlex UM-58,Streetwear,12.789779049149818,20.23986700354174,21.50496410851766
693,SaigonFlex UC-58,Streetwear,12.489209747825754,22.084313317745423,21.50496410851766
1256,VietMode MP-24,Casual,12.425477311278598,21.2719570851152,20.11612827682308
2113,PhoenixWear UM-04,Streetwear,11.5748493811317,20.96410901157047,20.11612827682308
872,HanoiStreet UR-18,Streetwear,11.114731053725793,19.99828296794901,18.5541561916373
75,DragonWear UM-02,Streetwear,11.007227424141442,19.5273755372664,18.5541561916373
377,LotusWear UE-98,Streetwear,10.390523722361548,17.80954638992059,18.5541561916373
723,HanoiStreet RP-11,Outdoor,11.239831904854524,18.92668763923487,16.905460097920155
1952,UrbanVN RP-27,Outdoor,11.253304377609716,18.33048464860911,16.905460097920155
2231,VietMotion RP-28,Outdoor,10.036681035182026,17.037077101612223,16.76733702333731
2271,VietMotion RS-04,Outdoor,9.39795044860731,16.688939395715213,16.76733702333731
2338,VietMotion UE-12,Streetwear,10.163006012294185,18.441324087824835,16.76733702333731
1367,VietMode RP-59,Outdoor,9.291864520911869,16.2568100410919,16.76733702333731
156,DragonWear UR-27,Streetwear,8.996663510353542,15.6911039278997,14.69664938046148
1641,VietMode RS-79,Outdoor,7.4632418553596755,13.187000504801055,11.731353458094622
